"task_id","area","task","goal","status","priority","owner","depends_on","acceptance","notes","last_updated"
"RAPI-001","query-boundary","Clarify query chain boundaries","Clarify responsibilities of jobs query/detail/artifacts/events/manifest, stop mixing db/config/view aggregation in route layer","done","P0","wxyhgk","","Form executable split direction, subsequent implementation no longer needs to decide whether route or service handles aggregation","Confirmed first cut should prioritize query/detail read paths, not touching job_runner first.","2026-04-15"
"RAPI-002","presentation-service","Extract jobs presentation aggregation layer","Converge assembly logic of list/detail/artifacts/events/manifest into services/jobs/presentation, prevent route from directly accessing db/config/view mapper","done","P0","wxyhgk","RAPI-001","routes/jobs/query.rs and routes/jobs/mod.rs only keep HTTP parameter parsing and ApiResponse wrapping; aggregation logic moved to service layer","Added presentation service, query/detail/artifacts/events/manifest now assembled uniformly through this layer.","2026-04-15"
"RAPI-003","route-thinning","Reduce route direct dependencies on underlying resources","Make query/download/control routes no longer get business-level loaders from routes/job_helpers, but uniformly use the boundary exposed by services/jobs","done","P1","wxyhgk","RAPI-002","routes/job_helpers only keep HTTP helpers like request_base_url, stream_file, submission view; business loading functions exit helper layer","Currently job_helpers have significantly thinned, remaining work concentrated on create route.","2026-04-15"
"RAPI-004","create-orchestration","Split create route business orchestration responsibilities","Make routes/jobs/create.rs no longer simultaneously do request parsing, upload storage, DB save, job creation, synchronous waiting, and bundle download orchestration","done","P0","wxyhgk","RAPI-003","create route only handles HTTP adapter; creation, synchronous waiting, bundle generation moved to application service","PDF upload persistence, OCR upload creation, translate bundle synchronous waiting and zip construction sunk to services/jobs/creation.rs; create route now only keeps multipart/JSON parsing and response stream encapsulation.","2026-04-15"
"RAPI-005","job-factory","Split job_factory mixed responsibilities","Clear the boundaries of snapshot assembly, persistence, spawn, and command construction, avoid a single service spanning domain assembly and infra orchestration","done","P0","wxyhgk","RAPI-004","job_factory no longer simultaneously knows build snapshot, persist_job, spawn_job, command construction; at least split out independent assembly and execution boundaries","job_factory split into explicit build_job_snapshot and start_job_execution phases; services/jobs/creation.rs now calls assembly-first then start, no longer relies on build_and_start_job black box.","2026-04-15"
"RAPI-006","app-state","Compress AppState exposure surface","Reduce direct coupling of routes/services to config/db/downloads_lock/canceled_jobs/job_slots, gradually converge from infra bag to clear capability interfaces","done","P1","wxyhgk","RAPI-004,RAPI-005","After adding narrower service/repository boundaries, new code no longer directly passes entire AppState","Narrowed upload storage paths in services/jobs/query, services/jobs/presentation, services/artifacts, services/glossaries, job_events, and creation/uploads to `&Db + &Path` or config local field combinations; job_runner/commands and job_factory snapshot assembly narrowed to `&AppConfig`; creation layer split out pure assembly helper and bundle context; job_events/process_runner/lifecycle added narrow resource helpers based on `Db + data_root + output_root`. Remaining AppState kept at route entry and runtime coordination layer intentionally.","2026-04-15"
"RAPI-007","view-model","Move aggregation read logic out of models/view.rs","Let view model return to DTO/mapper role, move file reading, failure diagnosis, summary aggregation to service layer","done","P1","wxyhgk","RAPI-002","Production paths no longer depend on file reading and failure diagnosis aggregation in models/view.rs; legacy helpers only kept for test paths","jobs presentation now constructs JobDetailView/JobListItemView itself, handling normalization/glossary/invocation and failure diagnosis at service layer; corresponding old aggregation helpers in models/view.rs downgraded to `#[cfg(test)]`, not included in production build.","2026-04-15"
"RAPI-008","tests","Add rust_api decoupling specialized tests","Add targeted and regression tests for boundaries after splitting query presentation, create orchestration, and job_factory","doing","P1","wxyhgk","RAPI-004,RAPI-005,RAPI-007","New tests lock in thinner routes, service aggregation boundaries, and prevent regression of old interface behavior","Completed presentation/query targeted verification and fixed legacy tests in job_factory still asserting on old `--file-path`; added creation layer success/failure path tests covering full pipeline snapshot assembly, render artifact source, ocr source_url, translate missing upload, render missing artifact source, and non-PDF upload rejection. Further complete tests needed for process runner and view-model finalization paths.","2026-04-15"
"RAPI-009","docs","Sync update rust_api decoupling docs","Define boundaries, responsibilities, and interfaces for current and future refactors in doc/rust_api and READMEs to prevent outdated documentation from misleading developers","done","P2","wxyhgk","RAPI-004,RAPI-007","Docs clearly explain responsibilities of route, service, job_runner, and view model, consistent with code","Synced API_SPEC and doc/rust_api README; added "09-Collaborative Development Conventions" doc defining responsibility boundaries for route/service/job_factory/job_runner, AppState usage conventions, collaborative development rules, and common anti-patterns.","2026-04-15"
