"track","stage","task_id","task","goal","status","owner","priority","depends_on","done_definition","affected_readme","completion_notes","last_updated"
"decoupling","phase-1-contracts","DEC-001","Define OCR, translation, rendering stage boundaries","Clarify each stage's input, output, error, and artifact boundaries, avoid mixing responsibilities at call layer","done","wxyhgk","P0","","runtime pipeline README clearly describes stage boundaries; translation/rendering/document_schema README consistent with actual entry points","backend/scripts/runtime/pipeline/README.md; backend/scripts/services/translation/README.md; backend/scripts/services/rendering/README.md; backend/scripts/services/document_schema/README.md","Added OCR/Normalize, Translation, Rendering three-stage contracts; clarified document.v1.json is stable handoff from OCR to downstream, translation stage only produces translation payload, rendering stage only consumes source PDF and translation artifacts.","2026-04-11"
"decoupling","phase-1-contracts","DEC-002","Define translation artifact manifest protocol","Replace rendering stage dependency on fixed page-*-deepseek.json filenames, ensuring rendering only consumes stable artifact protocols","done","wxyhgk","P0","DEC-001","Manifest fields, generation location, read fallback, and README documentation completed; legacy page JSON compatibility strategy defined","backend/scripts/services/translation/README.md; backend/scripts/services/rendering/README.md; backend/scripts/runtime/pipeline/README.md","Added translation-manifest.json; translation main line automatically persists manifest, rendering prioritizes manifest and falls back to legacy page-*-deepseek.json if missing.","2026-04-11"
"decoupling","phase-1-contracts","DEC-003","Define Render-only input protocol","Specify that render-only mode requires source PDF, translation manifest, or translations dir, and standardize error messages","done","wxyhgk","P0","DEC-002","render_stage/build_book entry points can read artifacts per protocol; errors for missing artifacts are readable; README updated","backend/scripts/services/rendering/README.md; backend/scripts/runtime/pipeline/README.md","Added render_inputs.py for unified Render-only input validation; build_book/run_render_stage now supports translation_manifest_path; unified Render-only input error thrown when source PDF, manifest, or legacy payload is missing.","2026-04-11"
"decoupling","phase-2-runtime-split","DEC-004","Add Translate workflow design and type","Add independent translation task type in Rust API layer to avoid indirect triggering via old full main chain","done","wxyhgk","P0","DEC-001","WorkflowKind, request validation, task creation, and lifecycle entry support Translate; old workflow compatibility preserved","doc/rust_api/04-ä»»å¡çå½å¨æ.md","Rust API added WorkflowKind::Translate; create_job supports translate workflow; lifecycle creates OCR sub-task first, then calls independent run_translate_only.py to produce only translation directory and translation-manifest.json, removing forced rendering.","2026-04-11"
"decoupling","phase-2-runtime-split","DEC-005","Add Render workflow design and type","Add independent rendering task type in Rust API layer to support re-running rendering based on existing translation artifacts","done","wxyhgk","P0","DEC-003,DEC-004","WorkflowKind, request validation, task creation, and lifecycle entry support Render; can reuse existing job artifacts","doc/rust_api/04-ä»»å¡çå½å¨æ.md","Rust API added WorkflowKind::Render; request points to existing job via source.artifact_job_id; lifecycle reuses source_pdf and translations_dir, calling independent run_render_only.py to re-run rendering without repeating OCR/translation.","2026-04-11"
"decoupling","phase-2-runtime-split","DEC-006","Split full task orchestration","Retain one-click full task but explicitly chain OCR, Translate, and Render internally instead of hiding translation and rendering in a single Python entry","done","wxyhgk","P1","DEC-004,DEC-005","Full task remains compatible with existing interfaces; stage status, cancellation, and failure attribution can be mapped to OCR/Translate/Render respectively","backend/scripts/runtime/pipeline/README.md","Full mineru workflow changed to OCR sub-task -> run_translate_only.py -> run_render_only.py; enters rendering stage after Translate-only success; failure/cancellation stops at corresponding stage; old create_job entry remains compatible.","2026-04-11"
"decoupling","phase-3-artifact-protocol","DEC-007","Unified task artifact recording","Register normalized document, translation manifest, and rendered PDF as trackable artifacts","done","wxyhgk","P1","DEC-002,DEC-005","Task details and download entries show three key artifacts; README explains artifact meaning and rerun purpose","doc/rust_api/06-artifact-list-and-download.md","Artifact manifest registered source_pdf, normalized_document_json, translation_manifest_json, translated_pdf; translation_manifest_json downloadable via artifacts/{artifact_key}, render workflow can reuse this protocol based on translations_dir.","2026-04-11"
"decoupling","phase-3-artifact-protocol","DEC-008","Remove rendering layer model name file dependency","Remove hardcoded deepseek filenames in rendering loader; prioritize manifest; use old directories as compatibility fallback","done","wxyhgk","P0","DEC-002","load_translated_pages supports manifest; old page-*-deepseek.json still renderable; tests cover both paths","backend/scripts/services/rendering/README.md; backend/scripts/runtime/pipeline/README.md","load_translated_pages now prioritizes translation-manifest.json and supports explicit manifest path; retained page-*-deepseek.json compatibility fallback; added manifest/legacy test paths.","2026-04-11"
"decoupling","phase-4-docs-and-validation","DEC-009","Complete decoupling regression tests","Cover OCR-only, Translate-only, Render-only, full task compatibility, and old translation directory fallback","done","wxyhgk","P1","DEC-004,DEC-005,DEC-008","New Python and Rust tests passed; test descriptions added to corresponding READMEs","backend/scripts/runtime/pipeline/README.md","Added Python manifest/render input protocol tests and Rust command/job snapshot/workflow tests; covered OCR-only, Translate-only, Render-only, full task compatibility, and legacy page-*-deepseek.json fallback; Python targeted tests 8 passed, Rust 76 passed.","2026-04-11"
"decoupling","phase-4-docs-and-validation","DEC-010","Update user and developer documentation entries","Ensure README, doc directory, and module READMEs point to current decoupling boundaries and task ledger","done","wxyhgk","P2","DEC-001","Root README retains navigation only; module READMEs define stable boundaries; CSV completion_notes added for every done task","README.md; doc/README.md; backend/scripts/runtime/pipeline/README.md","Root README and doc/README updated with Pipeline stage contracts, Rust API task lifecycle, artifact list and download, and architecture decoupling task ledger entries; module READMEs retain stable boundaries and specialized regression commands; CSV updated with all done item completion_notes.","2026-04-11"
"api_contracts","phase-5-api-hardening","API-011","Solidify main task API request and response contracts","Make create/list/detail workflow, grouped JSON request body, links/actions semantics stable verifiable interfaces","done","wxyhgk","P0","DEC-004,DEC-005,DEC-010","`/api/v1/jobs` uses grouped JSON as main contract; workflow route prefix and submit/list/detail view tests added; main documentation and API_SPEC aligned","doc/backend-api.md; backend/rust_api/API_SPEC.md","Switched `/api/v1/jobs` documentation to `source/ocr/translation/render/runtime` grouped structure; added mineru/translate/render and OCR independent entry boundaries; added Rust tests covering submission view, list/detail links, and actions' workflow prefix contracts.","2026-04-11"
"api_contracts","phase-5-api-hardening","API-012","Harden runtime, event stream, and failure diagnosis contracts","Define responsibility boundaries for `runtime.stage_history`, `/events`, `failure`, and `failure_diagnostic` and add test guards","done","wxyhgk","P0","API-011","Event payloads, terminal failure attribution, and stage timeline responsibilities documented and constrained by unit tests","doc/backend-api.md; doc/rust_api/04-ä»»å¡çå½å¨æ.md","Clarified `runtime.stage_history` as the source of truth for stage timelines, `/events` for append-only events, and `failure` for structured failures; added Rust tests for `stage_transition` and `job_terminal` payload assertions, locking key fields like stage_history/runtime/failure_category.","2026-04-11"
"api_contracts","phase-5-api-hardening","API-013","Solidify artifact manifest and download mapping contract","Ensure consistency between details page artifact overview, manifest, and download routes, and clarify compatible aliases","done","wxyhgk","P1","DEC-007,API-011","Align common artifact_key, resource_path/resource_url in manifest, and relationship between details artifacts and old download entries in docs and tests","doc/backend-api.md; doc/rust_api/06-artifact-list-and-download.md","Added description of artifact manifest as formal artifact discovery entry; clarified that `artifacts.pdf/markdown/bundle` in details is the source of truth for page state, while `pdf_url/markdown_url/bundle_url` are kept for compatibility; Rust tests lock download mappings for translated_pdf, markdown_raw, translation_manifest_json, normalized_document_json.","2026-04-11"
"translation_performance","phase-6-formula-routing","TP-014","Add formula density split layer for overweight blocks","For text with many formula placeholders/segments in a single block, split into smaller blocks by sentence and formula density first, then prioritize plain/tagged to avoid direct multi-window formula translation","done","wxyhgk","P0","API-013","Implemented overweight block split rules, sub-block context passing, result merging, and placeholder recovery paths; `windowed` request count for real jobs decreased significantly with no new protocol shells/empty translations","backend/scripts/services/translation/README.md; backend/scripts/runtime/pipeline/README.md","Added heavy formula block split in `fallbacks.py`, splitting by sentence boundaries and placeholder/character thresholds; 9 heavy blocks hit in `20260413121000-deepseek-heavyblock-split-smoke`, translation_batches reduced from 185209ms to 141570ms.","2026-04-13"
"translation_performance","phase-6-formula-routing","TP-015","Shrink windowed-formula to last resort path","Adjust formula routing order so heavy single blocks do not directly enter `windowed-formula` before trying split and plain/tagged failure, reducing 75s-level long-tail requests","done","wxyhgk","P0","TP-014","Routing selection and fallback order adjusted; `windowed` only used for sub-blocks still heavy or plain/tagged validation failed after split; diagnostic fields indicate reason for entering `windowed`","backend/scripts/services/translation/README.md; backend/scripts/runtime/pipeline/README.md","Added pre-split for continuation group and single block layers, `windowed-formula` shrunk to final fallback; same smoke subset dropped from 8 `windowed` to 0, routing changed to 9 `heavy_formula_split`.","2026-04-13"
"translation_performance","phase-6-formula-routing","TP-016","Tighten tagged/json dual-channel fallback for formula segments","Formula segments default to tagged; fallback to JSON schema only on actual parse failure, avoiding extra JSON request costs for empty segments or known format errors","done","wxyhgk","P1","TP-015","Clear distinction between `tagged_failed/json_failed` diagnostics; empty segments no longer trigger invalid JSON fallback; unit tests cover tagged success, tagged parse failure fallback to JSON, and empty segment direct format failure","backend/scripts/services/translation/README.md","`segment_routing.py` now distinguishes tagged failures into parse/shape and semantic categories; `SegmentTranslationSemanticError` terminates current attempt immediately without retrying JSON. Added unit tests for tagged->json and semantic-only paths.","2026-04-13"
"translation_performance","phase-7-observability","TP-017","Add formula routing and heavy block monitoring fields","Add diagnostics and manifest aggregation for overweight blocks, windowed estimates, and split results to support long-tail analysis by segment_count, placeholder_count, window_count, and formula_density","done","wxyhgk","P1","TP-014,TP-015","Added heavy formula block statistics to translation_diagnostics and manifest; enables comparison of `windowed` count, p95/max latency, retry count, and split hit rate before and after optimization","backend/scripts/services/translation/README.md; backend/scripts/runtime/pipeline/README.md","Injected `formula_route_decision`, `formula_segment_count`, `formula_window_count`, `formula_density`, `group_split_reason`, etc., into single item diagnostics, and aggregated `formula_route_summary` and `heavy_block_split_summary` in diagnostics summary.","2026-04-13"
"translation_performance","phase-7-observability","TP-018","Add full-book performance and quality regression","Establish fixed regression sets for known problematic books and formula-dense pages to compare translation time, windowed count, protocol shells, empty translations, English residuals, and rendering results before and after optimization","todo","wxyhgk","P1","TP-014,TP-015,TP-016,TP-017","Cover at least the full book and formula-dense subset of `20260412152452-4abf73`; generate before/after comparison summary and write to completion_notes","backend/scripts/runtime/pipeline/README.md; backend/scripts/services/translation/README.md","Acceptance focus is not single-run speed, but significant decrease in `windowed` count, improved total time, and no new placeholder/rendering regressions.","2026-04-13"
